{
  "n_learners": 200,
  "n_attempts": 60,
  "seed": 7,
  "results": {
    "BKT": {
      "auc": 0.5766426455484539,
      "n": 1200
    },
    "DKT": {
      "auc": 0.5200105251542699,
      "n": 1200
    },
    "Elo": {
      "auc": 0.5613981479123695,
      "n": 1200
    }
  }
}