{
  "n_learners": 80,
  "n_attempts": 50,
  "seed": 7,
  "results": {
    "BKT": {
      "auc": 0.5223111984085014,
      "n": 400
    },
    "DKT": {
      "auc": 0.5051245246908918,
      "n": 400
    },
    "Elo": {
      "auc": 0.5009443227317367,
      "n": 400
    }
  }
}